trip_id,origin,destination,travel_date,bus_type,price
TR001,กรุงเทพ,นครปฐม,2026-10-10,08:00,รถทัวร์ VIP,990
TR002,กรุงเทพ,อยุธยา,2026-10-10,09:30,รถทัวร์ VIP,990
TR003,กรุงเทพ,สระบุรี,2026-10-10,10:00,รถทัวร์ VIP,990
TR004,กรุงเทพ,ชลบุรี,2026-10-10,11:30,รถทัวร์ VIP,990
TR005,กรุงเทพ,ราชบุรี,2026-10-10,13:00,รถทัวร์ VIP,990
TR006,กรุงเทพ,กาญจนบุรี,2026-10-10,14:30,รถทัวร์ VIP,990
TR007,กรุงเทพ,นครนายก,2026-10-10,16:00,รถทัวร์ VIP,990
TR008,กรุงเทพ,ฉะเชิงเทรา,2026-10-10,17:30,รถทัวร์ VIP,990
TR009,กรุงเทพ,เพชรบุรี,2026-10-10,18:30,รถทัวร์ VIP,990
TR010,กรุงเทพ,หัวหิน,2026-10-10,20:00,รถทัวร์ VIP,990
